cve_ent,seccion,ORIGEN
1,646,0041
1,647,0041
1,648,0041
1,635,0082
1,636,0082
1,637,0082
1,638,0082
1,639,0082
1,662,0083
1,663,0083
1,664,0083
1,665,0083
1,666,0083
1,667,0083
1,668,0083
1,669,0083
1,670,0083
1,692,0086
1,693,0086
1,694,0086
1,695,0086
1,696,0086
1,697,0086
1,698,0086
1,699,0155
1,700,0155
1,701,0155
1,702,0155
1,703,0155
1,640,0156
1,641,0156
1,642,0156
1,643,0156
1,644,0156
1,645,0156
1,649,0161
1,650,0161
1,651,0161
1,671,0322
1,672,0322
1,673,0322
1,674,0322
1,675,0322
1,676,0322
1,677,0322
1,678,0323
1,679,0323
1,680,0323
1,681,0323
1,682,0331
1,683,0331
1,652,0401
1,653,0401
1,684,0413
1,685,0413
1,686,0413
1,687,0413
1,688,0413
1,689,0413
1,690,0413
1,691,0413
1,632,0436
1,633,0436
1,634,0436
1,654,0478
1,655,0478
1,656,0478
1,657,0478
1,658,0478
1,659,0478
1,660,0478
1,661,0478
1,704,0589
1,705,0589
1,706,0589
1,707,0589
1,708,0589
1,709,0589
2,2140,0014
2,2141,0014
2,2142,0014
2,2143,0014
2,2144,0014
2,2145,0014
2,2146,0014
2,2201,0172
2,2202,0172
2,2203,0172
2,2204,0172
2,2205,0172
2,2206,0172
2,2207,0172
2,2208,0172
2,2209,0172
2,2103,0176
2,2104,0176
2,2105,0176
2,2106,0176
2,2107,0176
2,2164,0398
2,2165,0398
2,2166,0398
2,2167,0398
2,2168,0398
2,2169,0398
2,2170,0398
2,2171,0398
2,2172,0444
2,2173,0444
2,2174,0444
2,2175,0444
2,2176,0444
2,2177,0444
2,2178,0470
2,2179,0470
2,2180,0470
2,2181,0470
2,2182,0470
2,2183,0470
2,2184,0470
2,2089,0501
2,2090,0501
2,2091,0501
2,2092,0501
2,2093,0501
2,2094,0501
2,2095,0501
2,2195,0538
2,2196,0538
2,2197,0538
2,2198,0538
2,2199,0538
2,2200,0538
2,2096,0544
2,2097,0544
2,2098,0544
2,2099,0544
2,2100,0544
2,2101,0544
2,2102,0544
2,2054,0595
2,2055,0595
2,2056,0595
2,2057,0595
2,2210,0691
2,2211,0691
2,2212,0691
2,2213,0691
2,2214,0691
2,2215,0691
2,2216,0722
2,2217,0722
2,2218,0722
2,2219,0722
2,2220,0722
2,2221,0722
2,2222,0722
2,2064,0928
2,2065,0928
2,2066,1044
2,2067,1044
2,2068,1049
2,2069,1049
2,2070,1049
2,2071,1049
2,2058,1050
2,2059,1050
2,2060,1050
2,2061,1050
2,2062,1050
2,2063,1050
2,2072,1122
2,2073,1122
2,2074,1122
2,2126,1150
2,2127,1150
2,2128,1150
2,2129,1150
2,2159,1163
2,2160,1163
2,2081,1205
2,2082,1205
2,2083,1205
2,2084,1205
2,2085,1205
2,2086,1236
2,2087,1236
2,2088,1236
2,2075,1295
2,2076,1295
2,2077,1295
2,2078,1295
2,2079,1295
2,2080,1295
2,2161,1298
2,2162,1298
2,2163,1298
2,2130,1498
2,2131,1498
2,2132,1498
2,2133,1498
2,2134,1498
2,2135,1498
2,2136,1498
2,2137,1498
2,2138,1498
2,2139,1498
2,2147,1775
2,2148,1775
2,2149,1775
2,2150,1775
2,2151,1775
2,2152,1775
2,2153,1775
2,2154,1775
2,2155,1775
2,2156,1775
2,2157,1775
2,2158,1775
2,2108,1786
2,2109,1786
2,2110,1786
2,2111,1786
2,2112,1786
2,2113,1786
2,2114,1786
2,2115,1786
2,2116,1786
2,2117,1786
2,2118,1786
2,2119,1786
2,2120,1786
2,2121,1786
2,2122,1786
2,2123,1786
2,2124,1786
2,2125,1786
2,2185,1807
2,2186,1807
2,2187,1807
2,2188,1807
2,2189,1807
2,2190,1807
2,2191,1807
2,2192,1807
2,2193,1807
2,2194,1807
3,497,0104
3,498,0104
3,499,0104
3,500,0104
3,501,0104
3,502,0104
3,542,0206
3,543,0206
3,503,0298
3,504,0298
3,505,0298
3,506,0298
3,507,0298
3,508,0298
3,509,0298
3,510,0298
3,511,0298
3,512,0298
3,513,0298
3,514,0298
3,515,0298
3,537,0312
3,538,0312
3,539,0312
3,540,0312
3,541,0312
3,516,0314
3,517,0314
3,518,0314
3,519,0314
3,520,0314
3,521,0314
3,522,0314
3,523,0332
3,524,0332
3,525,0332
3,526,0332
3,527,0332
3,528,0353
3,529,0353
3,530,0353
3,531,0353
3,532,0353
3,533,0353
3,534,0353
3,535,0353
3,536,0353
3,544,0412
3,545,0412
3,546,0412
3,547,0412
4,558,0004
4,559,0004
4,560,0004
4,561,0004
4,562,0004
4,548,0081
4,549,0081
4,550,0081
4,551,0081
4,552,0081
4,553,0081
4,540,0108
4,541,0108
4,542,0183
4,543,0183
4,544,0183
4,545,0184
4,546,0184
4,547,0184
4,554,0244
4,555,0244
4,556,0244
4,557,0244
5,1753,0010
5,1754,0010
5,1755,0010
5,1756,0010
5,1757,0010
5,1758,0010
5,1759,0010
5,1760,0010
5,1761,0010
5,1813,0019
5,1814,0019
5,1815,0019
5,1816,0019
5,1817,0019
5,1854,0580
5,1855,0580
5,1856,0580
5,1857,0580
5,1858,0580
5,1859,0580
5,1818,0664
5,1819,0664
5,1820,0664
5,1821,0664
5,1822,0664
5,1823,0664
5,1824,0664
5,1825,0692
5,1826,0692
5,1827,0692
5,1828,0692
5,1762,0734
5,1763,0734
5,1764,0734
5,1765,0734
5,1766,0755
5,1767,0755
5,1768,0755
5,1769,0755
5,1770,0755
5,1771,0755
5,1805,0766
5,1806,0766
5,1807,0766
5,1808,0766
5,1809,0766
5,1810,0766
5,1811,0766
5,1812,0766
5,1772,0777
5,1773,0777
5,1774,0777
5,1775,0777
5,1776,0777
5,1777,0777
5,1778,0777
5,1779,0777
5,1829,0869
5,1830,0869
5,1831,0869
5,1832,0869
5,1833,0869
5,1780,0907
5,1781,0907
5,1782,0907
5,1783,0907
5,1784,0907
5,1785,0907
5,1786,0907
5,1787,0907
5,1788,0943
5,1789,0943
5,1790,0943
5,1791,0943
5,1792,0943
5,1847,1006
5,1848,1006
5,1849,1006
5,1850,1006
5,1851,1006
5,1852,1006
5,1853,1006
5,1834,1184
5,1835,1184
5,1836,1184
5,1837,1184
5,1838,1184
5,1839,1184
5,1840,1184
5,1841,1310
5,1842,1310
5,1843,1310
5,1844,1310
5,1845,1310
5,1846,1310
5,1793,1351
5,1794,1351
5,1795,1351
5,1796,1351
5,1797,1351
5,1798,1351
5,1799,1351
5,1860,1354
5,1861,1354
5,1862,1354
5,1863,1354
5,1864,1354
5,1865,1354
5,1866,1354
5,1867,1354
5,1800,1360
5,1801,1360
5,1802,1360
5,1803,1360
5,1804,1360
6,373,0001
6,374,0001
6,375,0001
6,376,0062
6,377,0062
6,378,0062
6,379,0062
6,399,0082
6,400,0082
6,386,0145
6,387,0145
6,388,0145
6,389,0145
6,390,0145
6,401,0236
6,402,0236
6,403,0236
6,404,0236
6,405,0236
6,406,0236
6,407,0236
6,391,0238
6,392,0238
6,393,0238
6,394,0238
6,395,0238
6,396,0238
6,397,0238
6,398,0238
6,380,0244
6,381,0244
6,382,0244
6,383,0244
6,408,0248
6,409,0248
6,410,0248
6,411,0248
6,412,0248
6,413,0248
6,414,0250
6,415,0250
6,416,0250
6,417,0250
6,418,0250
6,384,0283
6,385,0283
7,2318,0040
7,2319,0040
7,2320,0040
7,2321,0040
7,2322,0042
7,2323,0042
7,2324,0042
7,2325,0042
7,2300,0098
7,2301,0098
7,2182,0130
7,2183,0130
7,2184,0130
7,2185,0130
7,2285,0136
7,2286,0136
7,2287,0136
7,2170,0211
7,2171,0211
7,2151,0239
7,2152,0239
7,2153,0244
7,2154,0244
7,2155,0244
7,2198,0260
7,2199,0260
7,2200,0260
7,2201,0260
7,2156,0266
7,2157,0266
7,2158,0266
7,2313,0299
7,2314,0299
7,2227,0334
7,2228,0334
7,2229,0334
7,2230,0335
7,2231,0335
7,2232,0335
7,2374,0402
7,2375,0402
7,2376,0402
7,2377,0402
7,2378,0402
7,2298,0405
7,2299,0405
7,2250,0473
7,2251,0473
7,2252,0473
7,2146,0501
7,2288,0502
7,2289,0502
7,2290,0502
7,2291,0502
7,2292,0502
7,2308,0504
7,2309,0504
7,2369,0552
7,2370,0552
7,2371,0552
7,2326,0602
7,2327,0602
7,2328,0602
7,2233,0667
7,2234,0667
7,2329,0723
7,2330,0723
7,2331,0723
7,2332,0723
7,2333,0725
7,2334,0725
7,2335,0725
7,2336,0725
7,2337,0732
7,2338,0732
7,2339,0732
7,2340,0744
7,2341,0744
7,2342,0744
7,2343,0744
7,2344,0751
7,2345,0751
7,2346,0751
7,2347,0751
7,2354,0780
7,2355,0780
7,2372,0787
7,2373,0787
7,2178,0816
7,2179,0816
7,2180,0816
7,2181,0816
7,2253,0842
7,2254,0842
7,2255,0842
7,2256,0842
7,2257,0842
7,2258,0848
7,2259,0848
7,2260,0848
7,2261,0848
7,2262,0849
7,2263,0849
7,2264,0849
7,2265,0849
7,2266,0849
7,2267,0849
7,2268,0857
7,2269,0857
7,2270,0857
7,2271,0864
7,2272,0864
7,2273,0864
7,2274,0864
7,2275,0864
7,2276,0870
7,2277,0870
7,2278,0870
7,2279,0870
7,2280,0876
7,2281,0876
7,2282,0876
7,2348,0935
7,2349,0935
7,2174,0947
7,2175,0947
7,2176,0947
7,2177,0947
7,2215,0975
7,2216,0975
7,2302,1014
7,2303,1014
7,2235,1047
7,2236,1047
7,2237,1047
7,2217,1087
7,2218,1087
7,2219,1098
7,2220,1098
7,2221,1098
7,2222,1100
7,2223,1100
7,2295,1113
7,2296,1113
7,2297,1113
7,2186,1114
7,2187,1114
7,2188,1114
7,2189,1114
7,2190,1114
7,2293,1168
7,2294,1168
7,2238,1213
7,2239,1213
7,2240,1213
7,2241,1215
7,2242,1215
7,2243,1215
7,2244,1215
7,2245,1219
7,2246,1219
7,2247,1219
7,2248,1219
7,2249,1219
7,2283,1225
7,2284,1225
7,2356,1250
7,2357,1250
7,2358,1267
7,2359,1267
7,2360,1270
7,2361,1270
7,2362,1270
7,2363,1270
7,2364,1335
7,2365,1335
7,2209,1340
7,2210,1340
7,2211,1340
7,2212,1340
7,2213,1340
7,2214,1340
7,2366,1343
7,2367,1343
7,2368,1343
7,2147,1397
7,2172,1454
7,2173,1454
7,2350,1462
7,2351,1462
7,2352,1462
7,2353,1462
7,2224,1474
7,2225,1474
7,2226,1474
7,2304,1499
7,2305,1499
7,2306,1502
7,2307,1502
7,2159,1602
7,2160,1602
7,2161,1602
7,2162,1602
7,2163,1602
7,2164,1616
7,2165,1616
7,2166,1616
7,2167,1616
7,2168,1616
7,2169,1616
7,2379,1736
7,2380,1736
7,2381,1736
7,2382,1736
7,2383,1736
7,2384,1736
7,2385,1736
7,2191,1737
7,2192,1737
7,2193,1737
7,2194,1737
7,2195,1737
7,2196,1737
7,2197,1737
7,2202,1743
7,2203,1743
7,2204,1743
7,2205,1743
7,2148,1749
7,2149,1749
7,2150,1749
7,2310,1796
7,2311,1796
7,2312,1796
7,2315,1846
7,2316,1846
7,2317,1846
7,2206,1871
7,2207,1871
7,2208,1871
8,3337,0059
8,3338,0059
8,3339,0059
8,3340,0059
8,3341,0059
8,3342,0059
8,3343,0059
8,3351,0297
8,3352,0297
8,3353,0297
8,3354,0297
8,3355,0297
8,3356,0297
8,3315,0306
8,3316,0306
8,3344,0608
8,3345,0608
8,3346,0608
8,3347,0608
8,3348,0608
8,3349,0608
8,3350,0608
8,3357,0609
8,3358,0609
8,3359,0609
8,3360,0609
8,3361,0609
8,3377,0641
8,3378,0641
8,3379,0641
8,3380,0641
8,3381,0641
8,3382,0641
8,3317,0849
8,3318,0849
8,3319,0849
8,3367,0884
8,3368,0884
8,3369,0884
8,3365,0897
8,3366,0897
8,3362,1296
8,3363,1296
8,3364,1296
8,3309,1683
8,3310,1683
8,3311,1683
8,3312,1683
8,3313,1683
8,3314,1683
8,3332,1772
8,3333,1772
8,3334,1772
8,3335,1772
8,3336,1772
8,3326,1916
8,3327,1916
8,3328,1916
8,3329,1916
8,3330,1916
8,3331,1916
8,3306,2120
8,3307,2120
8,3308,2120
8,3370,2815
8,3371,2815
8,3372,2815
8,3373,2815
8,3374,2815
8,3375,2815
8,3376,2815
8,3320,2821
8,3321,2821
8,3322,2821
8,3323,2821
8,3324,2821
8,3325,2821
9,5586,0865
9,5587,0865
9,5588,0865
9,5562,0987
9,5563,0987
9,5572,1385
9,5573,1385
9,5589,1537
9,5590,1537
9,5591,1537
9,5574,1566
9,5575,1566
9,5576,1566
9,5582,2099
9,5583,2099
9,5564,2738
9,5565,2738
9,5626,2864
9,5627,2864
9,5628,2864
9,5629,2864
9,5630,2864
9,5613,2866
9,5614,2866
9,5615,2866
9,5616,2866
9,5617,2866
9,5592,2899
9,5593,2899
9,5594,2899
9,5584,3125
9,5585,3125
9,5605,3491
9,5606,3491
9,5607,3491
9,5580,3561
9,5581,3561
9,5621,3574
9,5622,3574
9,5599,3628
9,5600,3628
9,5601,3628
9,5602,3628
9,5603,3628
9,5604,3628
9,5623,3663
9,5624,3663
9,5625,3663
9,5566,3949
9,5567,3949
9,5568,3955
9,5569,3955
9,5570,3962
9,5571,3962
9,5595,3981
9,5596,3981
9,5597,3981
9,5598,3981
9,5618,4106
9,5619,4106
9,5620,4106
9,5608,4246
9,5609,4246
9,5610,4246
9,5611,4246
9,5612,4246
9,5577,5104
9,5578,5104
9,5579,5104
10,1448,0108
10,1449,0108
10,1450,0108
10,1451,0108
10,1470,0118
10,1471,0118
10,1472,0118
10,1473,0118
10,1474,0118
10,1465,0148
10,1466,0148
10,1467,0148
10,1468,0148
10,1469,0148
10,1452,0302
10,1453,0302
10,1454,0302
10,1475,0385
10,1476,0385
10,1477,0385
10,1478,0385
10,1479,0385
10,1480,0385
10,1481,0385
10,1482,0385
10,1483,0385
10,1484,0385
10,1485,0385
10,1455,0488
10,1456,0488
10,1457,0488
10,1458,0488
10,1459,0488
10,1460,0488
10,1461,0698
10,1462,0698
10,1463,0698
10,1464,0698
11,3212,0145
11,3213,0145
11,3214,0145
11,3275,0315
11,3276,0315
11,3277,0315
11,3250,0336
11,3251,0336
11,3252,0336
11,3253,0336
11,3254,0336
11,3255,0336
11,3256,0336
11,3290,0343
11,3291,0343
11,3292,0343
11,3293,0343
11,3294,0343
11,3295,0343
11,3296,0343
11,3297,0343
11,3298,0343
11,3299,0343
11,3268,0899
11,3269,0899
11,3239,0966
11,3240,0966
11,3241,0966
11,3242,0966
11,3300,1059
11,3301,1059
11,3302,1059
11,3303,1059
11,3304,1059
11,3305,1059
11,3306,1059
11,3307,1059
11,3179,1078
11,3257,1078
11,3258,1078
11,3259,1078
11,3260,1078
11,3261,1099
11,3262,1099
11,3263,1099
11,3264,1099
11,3265,1099
11,3266,1099
11,3267,1099
11,3308,1110
11,3309,1110
11,3310,1110
11,3311,1110
11,3312,1110
11,3313,1110
11,3182,1268
11,3183,1268
11,3184,1285
11,3185,1285
11,3186,1285
11,3187,1285
11,3190,1490
11,3191,1490
11,3192,1490
11,3193,1490
11,3194,1490
11,3195,1490
11,3196,1490
11,3197,1490
11,3198,1490
11,3199,1490
11,3219,1494
11,3220,1494
11,3221,1494
11,3222,1494
11,3223,1494
11,3224,1495
11,3225,1495
11,3226,1495
11,3227,1495
11,3228,1495
11,3229,1495
11,3230,1495
11,3270,1509
11,3271,1509
11,3243,1614
11,3244,1614
11,3245,1614
11,3246,1614
11,3247,1614
11,3248,1614
11,3249,1614
11,3278,1634
11,3279,1634
11,3280,1634
11,3281,1634
11,3282,1634
11,3283,1634
11,3204,1642
11,3205,1642
11,3206,1642
11,3207,1642
11,3208,1642
11,3209,1642
11,3210,1642
11,3211,1642
11,3284,1647
11,3285,1647
11,3286,1647
11,3287,1647
11,3288,1647
11,3289,1647
11,3215,1681
11,3216,1681
11,3217,1681
11,3218,1681
11,3188,1687
11,3189,1687
11,3200,2190
11,3201,2190
11,3235,2193
11,3236,2193
11,3237,2193
11,3238,2193
11,3231,2477
11,3232,2477
11,3233,2477
11,3234,2477
11,3180,2514
11,3181,2514
11,3272,2860
11,3273,2860
11,3274,2860
11,3202,2907
11,3203,2907
12,2835,0117
12,2836,0117
12,2800,0164
12,2801,0164
12,2837,0180
12,2838,0180
12,2839,0266
12,2840,0266
12,2804,0294
12,2805,0294
12,2806,0294
12,2807,0294
12,2824,0310
12,2825,0310
12,2826,0310
12,2827,0310
12,2828,0310
12,2829,0310
12,2812,0347
12,2813,0347
12,2814,0347
12,2815,0347
12,2816,0347
12,2833,0384
12,2834,0384
12,2802,1208
12,2803,1208
12,2817,1213
12,2818,1213
12,2819,1213
12,2820,1213
12,2821,1213
12,2822,1213
12,2823,1213
12,2841,1267
12,2842,1267
12,2843,1267
12,2844,1267
12,2845,1267
12,2846,1267
12,2847,1267
12,2848,1267
12,2830,1539
12,2831,1539
12,2832,1539
12,2798,1640
12,2808,1643
12,2809,1643
12,2810,1643
12,2811,1643
12,2799,2044
13,1823,0221
13,1824,0221
13,1825,0221
13,1826,0221
13,1827,0221
13,1828,0221
13,1829,0221
13,1830,0221
13,1859,0553
13,1860,0553
13,1861,0595
13,1862,0595
13,1863,0595
13,1864,0595
13,1868,0727
13,1869,0727
13,1895,0731
13,1896,0731
13,1897,0731
13,1898,0731
13,1899,0731
13,1900,0731
13,1901,0731
13,1902,0737
13,1903,0737
13,1904,0737
13,1905,0737
13,1906,0737
13,1907,0737
13,1838,0740
13,1839,0740
13,1840,0740
13,1841,0740
13,1842,0740
13,1843,0740
13,1844,0740
13,1845,0740
13,1846,0740
13,1847,0740
13,1848,0740
13,1849,0740
13,1850,0740
13,1851,0740
13,1852,0740
13,1853,0740
13,1854,0740
13,1855,0740
13,1870,0852
13,1871,0852
13,1872,0852
13,1873,0852
13,1874,0852
13,1875,0852
13,1876,0880
13,1877,0880
13,1878,0880
13,1879,0880
13,1831,0917
13,1832,0917
13,1833,0917
13,1834,0917
13,1835,0917
13,1836,0917
13,1837,0917
13,1794,0934
13,1795,0934
13,1796,0934
13,1797,0934
13,1798,0957
13,1799,0957
13,1800,0957
13,1801,0957
13,1880,0960
13,1881,0960
13,1882,0960
13,1883,0960
13,1884,0960
13,1885,0960
13,1886,0960
13,1887,0960
13,1789,1320
13,1888,1363
13,1889,1363
13,1890,1363
13,1891,1363
13,1892,1363
13,1893,1363
13,1894,1363
13,1802,1368
13,1803,1368
13,1804,1368
13,1805,1368
13,1806,1368
13,1807,1368
13,1818,1502
13,1819,1502
13,1820,1502
13,1821,1502
13,1822,1502
13,1790,1511
13,1791,1511
13,1792,1511
13,1793,1511
13,1865,1536
13,1866,1536
13,1867,1536
13,1788,1648
13,1808,1770
13,1809,1770
13,1810,1770
13,1811,1770
13,1812,1770
13,1813,1770
13,1814,1770
13,1815,1770
13,1816,1770
13,1817,1770
14,3681,0170
14,3832,0170
14,3833,0170
14,3834,0170
14,3856,0375
14,3857,0375
14,3858,0375
14,3859,0375
14,3860,0375
14,3716,1193
14,3717,1193
14,3718,1193
14,3719,1194
14,3720,1194
14,3683,1573
14,3884,1591
14,3885,1591
14,3989,1595
14,3990,1595
14,3991,1595
14,3992,1595
14,3993,1595
14,3848,1597
14,3849,1597
14,3850,1597
14,3851,1597
14,3852,1597
14,3853,1597
14,3854,1597
14,3855,1597
14,3662,1605
14,3694,1671
14,3754,1715
14,3755,1715
14,3756,1715
14,3757,1715
14,3758,1715
14,3759,1715
14,3880,1734
14,3881,1734
14,3695,1771
14,3696,1771
14,3676,1804
14,3835,1876
14,3836,1876
14,3837,1876
14,3838,1876
14,3839,1876
14,3891,1879
14,3682,1925
14,3892,1935
14,3893,1935
14,3894,1935
14,3895,1935
14,3896,1935
14,3897,1935
14,3898,1935
14,3899,1935
14,3781,1941
14,3782,1941
14,3783,1941
14,3784,1941
14,3785,1941
14,3701,1946
14,3702,1946
14,3703,1946
14,3900,1998
14,3901,1998
14,3902,1998
14,3903,1998
14,3904,1998
14,3905,1998
14,3906,1998
14,3684,2003
14,3688,2013
14,3994,2030
14,3995,2030
14,3996,2030
14,3997,2030
14,3998,2030
14,3999,2030
14,4000,2030
14,4001,2030
14,4002,2030
14,4003,2030
14,4004,2035
14,4005,2035
14,4006,2035
14,4007,2035
14,4008,2035
14,3888,2047
14,3889,2047
14,3890,2049
14,3882,2055
14,3883,2055
14,3760,2067
14,3761,2067
14,3762,2067
14,3763,2067
14,3667,2071
14,3668,2072
14,3669,2073
14,3670,2093
14,3764,2140
14,3765,2140
14,3689,2262
14,3886,2264
14,3887,2264
14,3671,2353
14,3672,2354
14,3673,2360
14,3766,2360
14,3767,2360
14,3674,2361
14,3768,2361
14,3769,2361
14,3770,2361
14,3771,2361
14,3772,2361
14,3773,2361
14,3679,2439
14,3680,2445
14,3811,2445
14,3812,2445
14,3813,2445
14,3814,2445
14,3732,2449
14,3733,2449
14,3966,2455
14,3967,2455
14,3968,2455
14,3969,2455
14,3970,2455
14,3971,2455
14,3984,2562
14,3985,2562
14,3986,2562
14,3987,2562
14,3988,2562
14,3840,2564
14,3841,2564
14,3842,2564
14,3843,2564
14,3844,2564
14,3845,2564
14,3846,2564
14,3847,2564
14,3736,2585
14,3737,2585
14,3979,2616
14,3980,2616
14,3981,2616
14,3982,2616
14,3983,2616
14,3734,2618
14,3735,2618
14,3826,2619
14,3827,2619
14,3828,2619
14,3829,2619
14,3830,2619
14,3831,2619
14,3946,2661
14,3947,2661
14,3948,2661
14,3949,2661
14,3950,2661
14,3704,2662
14,3705,2662
14,3706,2662
14,3707,2662
14,3951,2675
14,3952,2675
14,3953,2675
14,3954,2675
14,3955,2675
14,3956,2675
14,3957,2675
14,3958,2675
14,3959,2675
14,3800,2676
14,3801,2676
14,3802,2676
14,3803,2676
14,3804,2676
14,3805,2676
14,3806,2676
14,3960,2677
14,3961,2677
14,3962,2677
14,3963,2677
14,3964,2677
14,3965,2677
14,3708,2686
14,3709,2686
14,3710,2686
14,4009,2695
14,4010,2695
14,4011,2695
14,4012,2695
14,4013,2695
14,4014,2695
14,4015,2695
14,4016,2695
14,4017,2695
14,4018,2695
14,4019,2695
14,4020,2695
14,3711,2711
14,3712,2711
14,3713,2711
14,3714,2711
14,3715,2711
14,4021,2721
14,4022,2721
14,4023,2721
14,4024,2721
14,4025,2721
14,4026,2721
14,4027,2721
14,4028,2721
14,3740,2722
14,3741,2722
14,3742,2722
14,3743,2722
14,3744,2722
14,3745,2722
14,3861,2728
14,3862,2728
14,3863,2728
14,3864,2728
14,3865,2728
14,3866,2728
14,3867,2728
14,3868,2728
14,3869,2728
14,3870,2728
14,3871,2728
14,3872,2728
14,3873,2728
14,3686,2807
14,3687,2810
14,3690,2824
14,3675,2915
14,3774,2915
14,3775,2915
14,3697,2964
14,3698,2964
14,3699,2964
14,3700,2964
14,3907,2969
14,3908,2969
14,3909,2969
14,3910,2969
14,3911,2969
14,3912,2969
14,3776,3006
14,3777,3006
14,3778,3006
14,3779,3006
14,3780,3006
14,3913,3019
14,3914,3019
14,3915,3019
14,3916,3019
14,3917,3019
14,3918,3019
14,3919,3019
14,3920,3019
14,3921,3023
14,3922,3023
14,3923,3023
14,3924,3023
14,3925,3023
14,3926,3023
14,3790,3026
14,3791,3026
14,3792,3026
14,3793,3026
14,3794,3026
14,3795,3026
14,3796,3026
14,3797,3026
14,3798,3026
14,3799,3026
14,3927,3033
14,3928,3033
14,3929,3033
14,3930,3033
14,3931,3033
14,3932,3033
14,3807,3086
14,3808,3086
14,3809,3086
14,3810,3086
14,3721,3087
14,3722,3087
14,3723,3087
14,3724,3087
14,3725,3087
14,3726,3152
14,3727,3152
14,3728,3152
14,3729,3152
14,3730,3152
14,3731,3152
14,3678,3214
14,3933,3226
14,3934,3226
14,3935,3226
14,3936,3226
14,3937,3226
14,3938,3226
14,3939,3226
14,3940,3226
14,3941,3226
14,3942,3226
14,3943,3226
14,3944,3226
14,3945,3226
14,3972,3413
14,3973,3413
14,3974,3413
14,3975,3413
14,3976,3413
14,3977,3413
14,3978,3413
14,3815,3453
14,3816,3453
14,3817,3453
14,3818,3453
14,3819,3453
14,3820,3453
14,3821,3453
14,3822,3453
14,3823,3453
14,3824,3453
14,3825,3453
14,3786,3677
14,3787,3677
14,3788,3677
14,3789,3677
15,6876,0044
15,6877,0044
15,6700,0057
15,6701,0057
15,6702,0057
15,6703,0057
15,6704,0057
15,6918,0246
15,6919,0246
15,6737,0262
15,6738,0262
15,6739,0262
15,6740,0272
15,6741,0272
15,6742,0272
15,6743,0272
15,6662,0402
15,6663,0402
15,6690,0417
15,6691,0417
15,6692,0417
15,6705,0575
15,6706,0575
15,6707,0575
15,6708,0575
15,6709,0575
15,6652,0670
15,6825,0671
15,6826,0671
15,6827,0671
15,6828,0671
15,6829,0671
15,6830,0671
15,6831,0671
15,6832,0671
15,7000,0683
15,7001,0683
15,7002,0683
15,7003,0683
15,7004,0683
15,7005,0691
15,7006,0691
15,7007,0691
15,7008,0691
15,7009,0691
15,7010,0691
15,6710,0759
15,6711,0759
15,6712,0759
15,6713,0759
15,6811,0974
15,6812,0974
15,6813,0974
15,6984,1043
15,6985,1043
15,6986,1043
15,6987,1043
15,6988,1043
15,6989,1043
15,6990,1043
15,6991,1043
15,6992,1052
15,6993,1052
15,6994,1052
15,6995,1052
15,6996,1052
15,6997,1052
15,6998,1052
15,6999,1052
15,6814,1054
15,6815,1054
15,6816,1054
15,6817,1054
15,6818,1054
15,6819,1054
15,6820,1054
15,6907,1115
15,6908,1115
15,6777,1268
15,6778,1268
15,6779,1268
15,6780,1268
15,6781,1268
15,6782,1268
15,6783,1268
15,6784,1268
15,6648,1276
15,6726,1321
15,6727,1321
15,6728,1321
15,6729,1321
15,6730,1321
15,6720,1772
15,6721,1772
15,6722,1772
15,6723,1772
15,6724,1772
15,6725,1772
15,6666,2007
15,6667,2007
15,6668,2007
15,6748,2025
15,6749,2025
15,6646,2027
15,6750,2027
15,6751,2027
15,6752,2027
15,6647,2028
15,6753,2028
15,6754,2028
15,6755,2036
15,6756,2036
15,6757,2036
15,6758,2036
15,6894,2057
15,6895,2057
15,6896,2061
15,6897,2061
15,6898,2061
15,6948,2073
15,6949,2073
15,6950,2073
15,6951,2073
15,6952,2073
15,6953,2073
15,6892,2076
15,6893,2076
15,6981,2083
15,6982,2083
15,6983,2083
15,6731,2088
15,6732,2088
15,6733,2088
15,6734,2088
15,6735,2088
15,6736,2088
15,6761,2155
15,6762,2155
15,6763,2155
15,6764,2155
15,6871,2214
15,6872,2214
15,6773,2387
15,6774,2387
15,6775,2387
15,6776,2387
15,6765,3035
15,6766,3035
15,6767,3035
15,6768,3035
15,6769,3035
15,6770,3035
15,6771,3035
15,6772,3035
15,6923,3044
15,6924,3044
15,6925,3044
15,6926,3044
15,6927,3044
15,6928,3044
15,6929,3044
15,6942,3728
15,6943,3728
15,6944,3728
15,6945,3728
15,6946,3728
15,6947,3728
15,6693,3792
15,6694,3792
15,6695,3792
15,6696,3792
15,6697,3792
15,6698,3792
15,6699,3792
15,6641,3800
15,6657,3822
15,6658,3822
15,6659,3822
15,6899,3918
15,6900,3918
15,6842,3947
15,6843,3947
15,6844,3947
15,6845,3947
15,6846,3947
15,6847,3947
15,6848,3947
15,6849,3947
15,6850,3947
15,6789,4022
15,6790,4022
15,6791,4022
15,6792,4022
15,6793,4022
15,6643,4028
15,6880,4061
15,6881,4061
15,6882,4061
15,6883,4077
15,6884,4077
15,6673,4127
15,6674,4127
15,7011,4213
15,7012,4213
15,7013,4213
15,7014,4213
15,7015,4213
15,7016,4213
15,7017,4213
15,7018,4228
15,7019,4228
15,7020,4228
15,7021,4228
15,7022,4228
15,7023,4228
15,7024,4228
15,6857,4251
15,6858,4251
15,6859,4251
15,6860,4251
15,6861,4251
15,6862,4251
15,6863,4251
15,6864,4251
15,6865,4251
15,6866,4251
15,6867,4251
15,6649,4257
15,6677,4258
15,6678,4258
15,6878,4332
15,6879,4332
15,6920,4408
15,6921,4408
15,6922,4408
15,6654,4413
15,6912,4441
15,6913,4441
15,6914,4458
15,6915,4458
15,6650,4601
15,6653,4614
15,6833,4643
15,6834,4643
15,6835,4695
15,6836,4695
15,6837,4695
15,6838,4695
15,6839,4695
15,6840,4695
15,6841,4695
15,6903,4711
15,6904,4711
15,6905,4722
15,6906,4722
15,6744,4757
15,6745,4757
15,6746,4757
15,6747,4757
15,6664,4787
15,6665,4787
15,6644,4839
15,6785,5271
15,6786,5271
15,6787,5271
15,6788,5271
15,6909,5298
15,6910,5298
15,6911,5298
15,6675,5346
15,6676,5346
15,6671,5388
15,6672,5388
15,6821,5440
15,6822,5440
15,6823,5440
15,6824,5440
15,6638,5465
15,6683,5465
15,6684,5465
15,6685,5465
15,6686,5465
15,6687,5465
15,6688,5465
15,6689,5465
15,6930,5472
15,6931,5472
15,6932,5472
15,6933,5472
15,6934,5472
15,6935,5472
15,6936,5472
15,6937,5475
15,6938,5475
15,6939,5475
15,6940,5475
15,6941,5475
15,6639,5480
15,6660,5499
15,6661,5499
15,6714,5652
15,6715,5652
15,6716,5652
15,6717,5652
15,6718,5652
15,6719,5652
15,6916,5667
15,6917,5667
15,6651,5681
15,6868,5707
15,6869,5707
15,6870,5707
15,6885,5751
15,6886,5751
15,6887,5751
15,6888,5756
15,6889,5756
15,6890,5781
15,6891,5781
15,6642,5787
15,6669,5794
15,6670,5794
15,6901,5804
15,6902,5804
15,6655,5826
15,6656,5829
15,6851,5837
15,6852,5837
15,6853,5837
15,6854,5837
15,6855,5837
15,6856,5837
15,6954,5881
15,6955,5881
15,6956,5881
15,6957,5881
15,6958,5881
15,6959,5881
15,6960,5881
15,6961,5882
15,6962,5882
15,6963,5882
15,6964,5882
15,6965,5882
15,6966,5882
15,6967,5882
15,6968,5904
15,6969,5904
15,6970,5904
15,6971,5904
15,6972,5904
15,6973,5904
15,6974,5904
15,6975,5904
15,6976,5904
15,6977,5904
15,6978,5904
15,6979,5904
15,6980,5904
15,6794,5912
15,6795,5912
15,6796,5912
15,6797,5912
15,6798,5912
15,6799,5912
15,6800,5912
15,6801,5912
15,6802,5912
15,6803,5912
15,6804,5970
15,6805,5970
15,6806,5970
15,6807,5970
15,6808,5970
15,6809,5970
15,6810,5970
15,6759,6645
15,6760,6645
16,2743,0002
16,2744,0003
16,2745,0005
16,2794,0113
16,2795,0113
16,2735,0324
16,2766,0703
16,2767,0703
16,2768,0703
16,2769,0703
16,2736,0759
16,2737,0760
16,2787,1107
16,2788,1107
16,2789,1107
16,2790,1107
16,2791,1107
16,2792,1107
16,2793,1107
16,2802,1191
16,2803,1191
16,2804,1191
16,2805,1191
16,2806,1191
16,2807,1191
16,2808,1191
16,2747,1202
16,2748,1202
16,2809,1221
16,2810,1221
16,2811,1221
16,2812,1221
16,2813,1221
16,2814,1221
16,2815,1221
16,2816,1221
16,2770,1263
16,2771,1263
16,2772,1263
16,2773,1263
16,2774,1263
16,2775,1263
16,2776,1263
16,2777,1263
16,2749,1268
16,2750,1268
16,2751,1268
16,2752,1268
16,2753,1268
16,2760,1977
16,2761,1977
16,2762,1977
16,2763,1977
16,2764,1977
16,2765,1977
16,2746,2153
16,2741,2238
16,2778,2293
16,2779,2293
16,2780,2293
16,2781,2293
16,2782,2293
16,2783,2293
16,2784,2293
16,2785,2293
16,2786,2293
16,2738,2346
16,2796,2529
16,2797,2529
16,2798,2529
16,2799,2529
16,2800,2529
16,2801,2529
16,2739,2531
16,2740,2533
17,962,0019
17,963,0019
17,964,0019
17,958,0073
17,959,0073
17,934,0113
17,935,0113
17,923,0402
17,924,0402
17,943,0406
17,944,0406
17,945,0406
17,946,0406
17,925,0449
17,926,0449
17,927,0484
17,928,0484
17,929,0485
17,930,0485
17,931,0486
17,932,0486
17,933,0486
17,936,0598
17,937,0598
17,947,0616
17,948,0616
17,949,0616
17,950,0616
17,951,0616
17,960,0634
17,961,0634
17,920,0644
17,965,0682
17,966,0682
17,952,0817
17,953,0817
17,954,0817
17,955,0817
18,1030,0115
18,1031,0115
18,1032,0115
18,1033,0115
18,1034,0115
18,1035,0115
18,1005,0118
18,1006,0118
18,1007,0118
18,1008,0118
18,1009,0118
18,1010,0118
18,1011,0118
18,1012,0118
18,1013,0118
18,1014,0118
18,1015,0118
18,1016,0118
18,1017,0118
18,1018,0118
18,1028,0183
18,1029,0183
18,992,0598
18,993,0598
18,1023,0695
18,1024,0695
18,1025,0695
18,1026,0764
18,1027,0764
18,996,0799
18,997,0799
18,998,0799
18,999,0799
18,1000,0799
18,1001,0799
18,1002,0799
18,1003,0799
18,1004,0799
18,994,0845
18,995,0845
19,2917,0068
19,2918,0068
19,2919,0068
19,2920,0101
19,2921,0101
19,2922,0101
19,3044,0102
19,3045,0102
19,3046,0102
19,3047,0102
19,3048,0102
19,3049,0102
19,2972,0108
19,2973,0108
19,2974,0108
19,2975,0108
19,2976,0108
19,2977,0108
19,2978,0108
19,2979,0108
19,2980,0108
19,2923,0114
19,2924,0114
19,2925,0124
19,2926,0124
19,2927,0124
19,2928,0130
19,2929,0130
19,2930,0130
19,2931,0130
19,2952,0142
19,2953,0142
19,2954,0142
19,2955,0142
19,2956,0142
19,3061,0218
19,3062,0218
19,3063,0218
19,3064,0218
19,3065,0218
19,3066,0218
19,3067,0218
19,3068,0218
19,3069,0220
19,3070,0220
19,3071,0220
19,3072,0220
19,3073,0220
19,3074,0220
19,3075,0220
19,3076,0220
19,3077,0220
19,3078,0220
19,3079,0220
19,3080,0220
19,3081,0220
19,3082,0220
19,3083,0232
19,3084,0232
19,3085,0232
19,3086,0232
19,3087,0232
19,3088,0232
19,3089,0232
19,3000,0346
19,3001,0346
19,3002,0346
19,3003,0346
19,3004,0346
19,3005,0346
19,3006,0346
19,3007,0346
19,3008,0346
19,3090,0347
19,3091,0347
19,3092,0347
19,3093,0347
19,3094,0347
19,3095,0347
19,3096,0347
19,3050,0433
19,3051,0433
19,3052,0433
19,3053,0433
19,3054,0433
19,2932,0440
19,2933,0440
19,2934,0440
19,2935,0440
19,2936,0453
19,2937,0453
19,2938,0462
19,2939,0462
19,2940,0462
19,2941,0480
19,2942,0480
19,2943,0480
19,2981,0491
19,2982,0491
19,2983,0491
19,2984,0491
19,2985,0491
19,2986,0491
19,2944,0492
19,2945,0492
19,2946,0492
19,2957,0607
19,2958,0607
19,2959,0607
19,2960,0607
19,2961,0607
19,2910,0647
19,2962,0699
19,2963,0699
19,2964,0700
19,2965,0700
19,3009,0703
19,3010,0703
19,3011,0703
19,3012,0703
19,3021,0739
19,3022,0739
19,3023,0739
19,3024,0739
19,3013,1422
19,3014,1422
19,3015,1422
19,3016,1422
19,3017,1422
19,3018,1422
19,3019,1422
19,3020,1422
19,2997,1507
19,2998,1507
19,2999,1507
19,3025,1708
19,3026,1708
19,3027,1708
19,3028,1708
19,3029,1708
19,3030,1708
19,3031,1708
19,3032,1708
19,3033,1708
19,3034,1708
19,3035,1708
19,3036,1708
19,3037,1708
19,3038,1708
19,3039,1708
19,3040,1708
19,3041,1708
19,3042,1708
19,3043,1708
19,2987,1875
19,2988,1875
19,2989,1875
19,2947,1974
19,2948,1974
19,2949,1974
19,2990,2124
19,2991,2124
19,2992,2124
19,2993,2124
19,2994,2124
19,2995,2124
19,2996,2124
19,2950,2131
19,2951,2131
19,3055,2134
19,3056,2134
19,3057,2134
19,3058,2134
19,3059,2134
19,3060,2134
19,2909,2273
19,2908,2273
19,3097,2307
19,3098,2307
19,3099,2307
19,3100,2307
19,3101,2307
19,3102,2307
19,3103,2307
19,3104,2661
19,3105,2661
19,3106,2661
19,3107,2661
19,3108,2661
19,3109,2661
19,3110,2661
19,3111,2661
19,3112,2661
19,3113,2661
19,3114,2661
20,2505,0037
20,2502,0204
20,2503,0214
20,2504,0216
20,2597,0284
20,2598,0284
20,2599,0284
20,2571,0294
20,2572,0294
20,2515,0409
20,2518,0432
20,2541,0471
20,2542,0471
20,2543,0471
20,2573,0478
20,2574,0478
20,2575,0478
20,2576,0493
20,2577,0493
20,2578,0493
20,2579,0493
20,2580,0500
20,2581,0500
20,2582,0500
20,2583,0593
20,2584,0593
20,2585,0616
20,2586,0616
20,2587,0616
20,2501,0667
20,2516,0884
20,2513,1290
20,2560,1483
20,2561,1483
20,2562,1483
20,2544,1503
20,2545,1503
20,2546,1503
20,2547,1503
20,2548,1503
20,2549,1503
20,2520,1528
20,2588,1659
20,2589,1659
20,2508,1686
20,2563,1718
20,2564,1718
20,2565,1718
20,2593,1720
20,2594,1720
20,2595,1720
20,2596,1720
20,2536,1722
20,2537,1722
20,2538,1722
20,2539,1722
20,2540,1722
20,2526,1725
20,2527,1725
20,2566,1728
20,2567,1728
20,2568,1728
20,2528,1751
20,2529,1751
20,2530,1762
20,2531,1762
20,2532,1762
20,2517,1786
20,2521,1822
20,2509,1829
20,2600,1842
20,2601,1842
20,2602,1842
20,2603,1842
20,2604,1842
20,2522,1845
20,2550,1845
20,2551,1845
20,2552,1845
20,2553,1846
20,2554,1846
20,2555,1846
20,2556,1846
20,2557,1846
20,2506,1979
20,2514,2036
20,2590,2100
20,2591,2100
20,2510,2201
20,2511,2204
20,2512,2207
20,2507,2306
20,2569,2375
20,2570,2375
21,2904,0050
21,2905,0050
21,2740,0091
21,2835,0129
21,2836,0129
21,2837,0129
21,2838,0129
21,2839,0129
21,2728,0146
21,2874,0163
21,2875,0163
21,2876,0163
21,2752,0282
21,2848,0291
21,2849,0291
21,2850,0291
21,2851,0291
21,2852,0291
21,2853,0291
21,2854,0291
21,2855,0291
21,2856,0291
21,2857,0291
21,2906,0323
21,2907,0323
21,2908,0323
21,2946,0325
21,2947,0325
21,2948,0325
21,2949,0325
21,2950,0325
21,2951,0325
21,2952,0325
21,2953,0325
21,2954,0325
21,2955,0325
21,2784,0330
21,2785,0330
21,2786,0330
21,2956,0339
21,2957,0339
21,2958,0339
21,2959,0339
21,2960,0339
21,2729,0345
21,2765,0348
21,2730,0356
21,2758,0405
21,2768,0432
21,2757,0441
21,2722,0475
21,2897,0492
21,2898,0492
21,2901,0519
21,2902,0519
21,2903,0519
21,2712,0565
21,2810,0653
21,2811,0653
21,2812,0653
21,2813,0653
21,2814,0653
21,2815,0653
21,2816,0653
21,2817,0653
21,2743,0658
21,2723,0698
21,2724,0715
21,2725,0719
21,2746,0821
21,2766,0852
21,2840,0852
21,2841,0852
21,2842,0852
21,2767,0853
21,2973,0858
21,2974,0858
21,2975,0858
21,2976,0858
21,2977,0858
21,2747,0876
21,2741,0899
21,2776,1065
21,2777,1065
21,2778,1065
21,2779,1065
21,2780,1065
21,2781,1065
21,2843,1076
21,2844,1076
21,2845,1076
21,2846,1076
21,2847,1076
21,2782,1127
21,2783,1127
21,2799,1196
21,2800,1196
21,2869,1205
21,2870,1205
21,2871,1205
21,2872,1205
21,2873,1205
21,2860,1246
21,2861,1246
21,2862,1246
21,2863,1246
21,2864,1246
21,2865,1246
21,2866,1246
21,2961,1249
21,2962,1249
21,2963,1249
21,2964,1249
21,2965,1249
21,2966,1249
21,2920,1411
21,2921,1411
21,2922,1411
21,2923,1411
21,2924,1411
21,2925,1411
21,2926,1411
21,2927,1411
21,2928,1413
21,2929,1413
21,2930,1413
21,2931,1413
21,2932,1413
21,2933,1415
21,2934,1415
21,2935,1415
21,2936,1415
21,2937,1415
21,2938,1415
21,2939,1415
21,2755,1451
21,2756,1483
21,2967,1552
21,2968,1552
21,2969,1552
21,2970,1552
21,2971,1552
21,2972,1552
21,2820,1586
21,2821,1586
21,2822,1586
21,2823,1586
21,2824,1586
21,2825,1586
21,2826,1586
21,2827,1586
21,2940,1587
21,2941,1587
21,2942,1587
21,2943,1587
21,2944,1587
21,2945,1587
21,2792,1589
21,2793,1589
21,2794,1593
21,2795,1593
21,2796,1593
21,2797,1593
21,2798,1593
21,2828,1596
21,2829,1596
21,2830,1596
21,2831,1596
21,2832,1596
21,2754,1606
21,2867,1606
21,2868,1606
21,2753,1654
21,2858,1654
21,2859,1654
21,2769,1754
21,2770,1754
21,2771,1756
21,2772,1756
21,2773,1756
21,2818,1766
21,2819,1766
21,2748,1789
21,2787,1840
21,2788,1840
21,2789,1840
21,2790,1840
21,2791,1840
21,2745,1897
21,2914,1919
21,2915,1919
21,2916,1919
21,2917,1925
21,2918,1925
21,2919,1925
21,2877,1934
21,2878,1934
21,2879,1934
21,2880,1934
21,2881,1934
21,2882,1934
21,2883,1934
21,2884,1986
21,2885,1986
21,2886,1986
21,2887,1986
21,2888,1986
21,2889,1986
21,2978,2000
21,2979,2000
21,2980,2000
21,2981,2000
21,2982,2000
21,2983,2000
21,2801,2005
21,2802,2005
21,2803,2006
21,2804,2006
21,2805,2006
21,2806,2006
21,2807,2006
21,2761,2009
21,2762,2011
21,2890,2011
21,2891,2011
21,2892,2011
21,2893,2011
21,2894,2011
21,2759,2017
21,2909,2068
21,2910,2068
21,2911,2068
21,2912,2075
21,2913,2075
21,2726,2090
21,2742,2204
21,2731,2272
21,2732,2293
21,2760,2324
21,2774,2393
21,2775,2393
21,2749,2394
21,2750,2395
21,2751,2398
21,2733,2417
21,2734,2417
21,2735,2419
21,2736,2435
21,2737,2437
21,2738,2448
21,2739,2450
21,2727,2468
21,2808,2468
21,2809,2468
21,2895,2479
21,2896,2479
21,2899,2504
21,2900,2504
21,2833,2744
21,2834,2744
22,1019,0099
22,1020,0099
22,1021,0099
22,1022,0099
22,1023,0099
22,1024,0099
22,1025,0099
22,1026,0099
22,1027,0099
22,1028,0099
22,1029,0099
22,1030,0099
22,978,0116
22,979,0116
22,980,0116
22,981,0120
22,982,0120
22,983,0121
22,984,0121
22,985,0147
22,986,0147
22,987,0190
22,988,0190
22,947,0195
22,948,0195
22,949,0195
22,950,0195
22,951,0195
22,952,0195
22,953,0195
22,954,0195
22,955,0195
22,956,0195
22,957,0195
22,958,0195
22,959,0195
22,960,0195
22,961,0195
22,962,0195
22,963,0195
22,964,0195
22,965,0195
22,966,0195
22,967,0195
22,968,0195
22,1031,0202
22,1032,0202
22,1033,0202
22,1034,0202
22,1035,0202
22,1036,0202
22,1037,0202
22,1038,0205
22,1039,0205
22,1040,0205
22,1041,0205
22,1042,0205
22,1043,0205
22,1044,0205
22,1045,0205
22,1046,0205
22,1047,0205
22,1048,0205
22,908,0214
22,909,0214
22,989,0270
22,990,0270
22,991,0270
22,992,0270
22,993,0270
22,994,0270
22,934,0278
22,935,0278
22,936,0278
22,937,0278
22,938,0278
22,939,0278
22,940,0278
22,941,0278
22,942,0278
22,921,0404
22,922,0404
22,923,0404
22,924,0404
22,943,0491
22,944,0491
22,945,0491
22,946,0491
22,918,0552
22,919,0552
22,920,0552
22,995,0553
22,996,0553
22,997,0553
22,998,0553
22,999,0553
22,1000,0553
22,1001,0553
22,1002,0553
22,1003,0553
22,1004,0553
22,1005,0553
22,1006,0553
22,910,0565
22,911,0565
22,912,0565
22,913,0565
22,914,0565
22,915,0585
22,916,0585
22,917,0585
22,925,0627
22,926,0627
22,927,0627
22,928,0627
22,929,0627
22,930,0627
22,931,0627
22,932,0627
22,933,0627
22,975,0632
22,976,0632
22,977,0632
22,1007,0754
22,1008,0754
22,1009,0754
22,1010,0754
22,1011,0754
22,1012,0754
22,1013,0754
22,1014,0754
22,1015,0754
22,1016,0754
22,1017,0754
22,1018,0754
23,1113,0001
23,1114,0001
23,1115,0001
23,1083,0016
23,1084,0016
23,1085,0016
23,1086,0016
23,1087,0016
23,1091,0166
23,1092,0166
23,1146,0168
23,1147,0168
23,1148,0168
23,1149,0168
23,1150,0168
23,1093,0174
23,1094,0174
23,1116,0175
23,1117,0175
23,1118,0175
23,1119,0175
23,1120,0175
23,1121,0175
23,1122,0175
23,1123,0175
23,1124,0175
23,1125,0175
23,1126,0175
23,1127,0175
23,1088,0181
23,1089,0181
23,1090,0181
23,1128,0210
23,1129,0210
23,1130,0210
23,1077,0307
23,1078,0307
23,1079,0307
23,1151,0626
23,1152,0626
23,1153,0626
23,1154,0626
23,1155,0626
23,1156,0626
23,1157,0626
23,1158,0626
23,1080,0775
23,1081,0775
23,1082,0775
24,1828,0176
24,1886,0655
24,1887,0655
24,1888,0655
24,1842,0775
24,1843,0775
24,1844,0775
24,1845,0775
24,1846,0775
24,1847,0775
24,1848,0775
24,1871,0787
24,1872,0787
24,1873,0787
24,1874,0787
24,1875,0787
24,1876,0787
24,1849,0943
24,1850,0943
24,1851,0943
24,1852,0943
24,1853,0967
24,1854,0967
24,1855,0975
24,1856,0975
24,1857,0975
24,1889,1073
24,1890,1073
24,1891,1073
24,1892,1073
24,1893,1073
24,1877,1074
24,1878,1074
24,1879,1074
24,1880,1074
24,1881,1074
24,1882,1074
24,1883,1074
24,1894,1110
24,1895,1110
24,1896,1110
24,1897,1110
24,1898,1110
24,1899,1110
24,1900,1110
24,1901,1110
24,1902,1110
24,1903,1110
24,1904,1110
24,1858,1247
24,1859,1247
24,1860,1247
24,1861,1247
24,1862,1247
24,1863,1247
24,1829,1273
24,1830,1273
24,1831,1273
24,1832,1273
24,1833,1273
24,1834,1273
24,1864,1274
24,1865,1274
24,1866,1274
24,1867,1274
24,1868,1274
24,1869,1274
24,1870,1274
24,1835,1304
24,1836,1304
24,1837,1304
24,1838,1304
24,1839,1304
24,1840,1304
24,1841,1304
24,1884,1776
24,1885,1776
25,3975,0347
25,3976,0347
25,3977,0347
25,3978,0887
25,3979,0887
25,3980,0887
25,3981,0887
25,3982,0887
25,3983,0887
25,3984,0887
25,3892,1000
25,3893,1000
25,3894,1000
25,3895,1000
25,3896,1000
25,3897,1000
25,3898,1151
25,3899,1151
25,3900,1151
25,3901,1151
25,3902,1151
25,3903,1151
25,3904,1151
25,3905,1186
25,3906,1186
25,3907,1186
25,3908,1186
25,3909,1186
25,3910,1186
25,3965,1210
25,3966,1210
25,3967,1210
25,3968,1210
25,3969,1210
25,3970,1210
25,3971,1210
25,3972,1210
25,3973,1210
25,3974,1210
25,3939,1279
25,3940,1279
25,3941,1279
25,3942,1279
25,3943,1279
25,3944,1279
25,3945,1279
25,3946,1279
25,3947,1279
25,3948,1279
25,3915,1310
25,3916,1310
25,3917,1310
25,3918,1310
25,3919,1310
25,3920,1310
25,3921,1310
25,3922,1310
25,3991,1477
25,3992,1477
25,3993,1477
25,3994,1477
25,3995,1477
25,3996,1477
25,3997,1477
25,3934,2155
25,3935,2155
25,3936,2155
25,3937,2155
25,3938,2155
25,3985,2691
25,3986,2691
25,3987,2691
25,3988,2691
25,3989,2691
25,3990,2691
25,3911,2694
25,3912,2694
25,3913,2694
25,3914,2694
25,3949,2988
25,3950,2988
25,3951,2988
25,3952,2988
25,3953,2988
25,3954,2988
25,3955,2988
25,3956,2988
25,3957,2988
25,3958,2988
25,3959,2988
25,3960,2988
25,3961,2988
25,3962,2988
25,3963,2988
25,3964,2988
26,1572,0217
26,1573,0217
26,1574,0217
26,1575,0217
26,1576,0217
26,1577,0217
26,1592,0223
26,1593,0223
26,1594,0223
26,1595,0223
26,1596,0223
26,1597,0223
26,1628,0255
26,1629,0255
26,1610,0341
26,1611,0341
26,1612,0341
26,1613,0341
26,1614,0341
26,1615,0341
26,1616,0341
26,1617,0341
26,1618,0341
26,1578,0342
26,1579,0342
26,1652,0532
26,1653,0532
26,1654,0532
26,1655,0532
26,1656,0532
26,1657,0532
26,1658,0532
26,1659,0532
26,1660,0571
26,1661,0571
26,1662,0571
26,1663,0571
26,1664,0571
26,1665,0571
26,1666,0571
26,1647,0601
26,1648,0601
26,1649,0601
26,1650,0601
26,1651,0601
26,1580,0786
26,1581,0786
26,1667,0807
26,1668,0807
26,1669,0807
26,1670,0807
26,1671,0807
26,1619,0951
26,1620,0951
26,1621,0951
26,1622,0951
26,1623,0951
26,1624,0951
26,1672,0956
26,1673,0956
26,1674,0956
26,1675,0956
26,1676,0956
26,1677,0956
26,1625,1303
26,1626,1303
26,1627,1303
26,1598,1332
26,1599,1332
26,1600,1332
26,1601,1332
26,1602,1332
26,1603,1332
26,1604,1332
26,1605,1332
26,1606,1332
26,1607,1332
26,1608,1332
26,1609,1332
27,1154,0232
27,1155,0232
27,1156,0232
27,1157,0232
27,1158,0232
27,1159,0232
27,1204,0372
27,1205,0372
27,1206,0372
27,1207,0372
27,1160,0405
27,1161,0405
27,1162,0405
27,1163,0435
27,1164,0435
27,1165,0435
27,1182,0440
27,1183,0440
27,1184,0440
27,1185,0440
27,1186,0440
27,1166,0464
27,1167,0464
27,1168,0467
27,1169,0467
27,1170,0467
27,1171,0467
27,1193,0500
27,1194,0500
27,1195,0500
27,1196,0500
27,1197,0500
27,1198,0500
27,1172,0502
27,1173,0502
27,1174,0502
27,1175,0502
27,1176,0502
27,1177,0506
27,1178,0506
27,1179,0506
27,1152,0528
27,1153,0528
27,1202,0654
27,1203,0654
27,1199,0724
27,1200,0724
27,1201,0724
27,1187,0986
27,1188,0986
27,1189,0986
27,1190,0986
27,1191,0986
27,1192,0986
27,1180,1068
27,1181,1068
28,2151,0071
28,2152,0071
28,2067,0073
28,2068,0073
28,2122,0165
28,2123,0165
28,2124,0165
28,2125,0165
28,2126,0165
28,2127,0165
28,2128,0165
28,2056,0552
28,2057,0552
28,2058,0552
28,2098,0562
28,2099,0562
28,2100,0562
28,2101,0562
28,2102,0562
28,2103,0562
28,2104,0562
28,2105,0562
28,2059,0645
28,2060,0645
28,2061,0645
28,2062,0645
28,2063,0645
28,2064,0645
28,2106,0647
28,2107,0647
28,2108,0647
28,2109,0647
28,2110,0647
28,2111,0647
28,2112,0647
28,2155,0966
28,2156,0966
28,2157,0966
28,2158,0966
28,2159,0966
28,2160,0966
28,2089,1018
28,2090,1018
28,2091,1018
28,2092,1018
28,2093,1018
28,2094,1018
28,2095,1018
28,2096,1018
28,2097,1018
28,2161,1019
28,2162,1019
28,2163,1019
28,2164,1019
28,2165,1019
28,2071,1094
28,2072,1094
28,2073,1096
28,2074,1096
28,2075,1101
28,2076,1101
28,2077,1101
28,2078,1101
28,2079,1101
28,2080,1101
28,2081,1101
28,2153,1113
28,2154,1113
28,2133,1125
28,2134,1125
28,2135,1125
28,2136,1125
28,2137,1125
28,2138,1125
28,2139,1125
28,2140,1125
28,2141,1125
28,2142,1125
28,2143,1125
28,2146,1143
28,2147,1143
28,2148,1143
28,2069,1350
28,2070,1350
28,2129,1359
28,2130,1359
28,2131,1359
28,2132,1359
28,2065,1566
28,2066,1566
28,2149,1649
28,2150,1649
28,2113,1682
28,2114,1682
28,2115,1682
28,2116,1682
28,2117,1682
28,2118,1682
28,2119,1682
28,2120,1682
28,2121,1682
29,646,0151
29,647,0151
29,648,0151
29,632,0288
29,633,0288
29,645,0296
29,637,0350
29,638,0350
29,639,0350
29,640,0350
29,641,0350
29,622,0362
29,623,0362
29,624,0380
29,625,0380
29,626,0453
29,627,0453
29,628,0453
29,629,0458
29,630,0458
29,631,0458
29,617,0578
29,642,0582
29,643,0582
29,644,0582
30,4930,0586
30,4963,0933
30,4964,0933
30,4965,0933
30,4966,0933
30,4982,1089
30,4983,1089
30,4984,1089
30,4985,1089
30,4986,1089
30,4920,1303
30,4915,1523
30,4916,1525
30,4917,1525
30,4948,1607
30,4949,1607
30,4950,1607
30,4939,1850
30,4940,1850
30,4941,1905
30,4942,1905
30,4943,1905
30,4944,1905
30,4945,1905
30,4946,1905
30,4947,1905
30,4979,2070
30,4980,2070
30,4981,2070
30,4973,2092
30,4974,2092
30,4975,2092
30,4976,2092
30,4977,2092
30,4978,2092
30,4967,2286
30,4968,2286
30,4969,2286
30,4970,2286
30,4971,2286
30,4972,2286
30,4989,2316
30,4990,2316
30,4924,2659
30,4925,2661
30,4918,2979
30,4994,3033
30,4995,3033
30,4996,3033
30,4926,3366
30,4927,3367
30,4928,3385
30,4929,3388
30,4999,3533
30,5000,3533
30,4997,3701
30,4998,3701
30,4921,3792
30,4951,4100
30,4952,4100
30,4953,4100
30,4954,4100
30,4955,4100
30,4914,4158
30,4987,4159
30,4988,4159
30,5003,4384
30,5004,4384
30,5005,4384
30,5006,4384
30,5007,4384
30,5008,4384
30,5009,4421
30,5010,4421
30,5011,4421
30,5012,4421
30,5013,4474
30,5014,4474
30,5015,4474
30,5016,4474
30,5017,4474
30,4956,4475
30,4957,4475
30,4958,4475
30,4959,4475
30,4960,4475
30,4961,4475
30,4962,4475
30,5018,4495
30,5019,4495
30,5020,4495
30,5021,4495
30,5022,4495
30,5023,4495
30,4931,4497
30,4932,4497
30,4933,4497
30,4934,4497
30,4935,4497
30,4936,4497
30,4937,4497
30,4938,4497
30,5024,4498
30,5025,4498
30,5026,4498
30,5027,4498
30,5028,4498
30,5029,4498
30,5030,4498
30,5031,4498
30,5032,4498
30,4919,4507
30,4922,4616
30,4923,4631
30,5001,4665
30,5002,4665
30,4991,4733
30,4992,4733
30,4993,4733
31,1136,0062
31,1137,0062
31,1187,0186
31,1188,0186
31,1138,0219
31,1139,0219
31,1140,0219
31,1163,0220
31,1164,0220
31,1165,0220
31,1166,0220
31,1167,0220
31,1168,0220
31,1169,0220
31,1170,0220
31,1182,0254
31,1183,0254
31,1184,0254
31,1185,0254
31,1186,0254
31,1153,0261
31,1154,0261
31,1155,0303
31,1156,0303
31,1157,0303
31,1158,0303
31,1193,0473
31,1194,0473
31,1195,0473
31,1196,0473
31,1197,0473
31,1171,0476
31,1172,0476
31,1173,0476
31,1174,0476
31,1175,0476
31,1176,0476
31,1177,0476
31,1178,0476
31,1179,0476
31,1180,0476
31,1181,0476
31,1141,0625
31,1142,0625
31,1143,0625
31,1144,0625
31,1145,0625
31,1146,0625
31,1159,0637
31,1160,0637
31,1198,0638
31,1199,0638
31,1200,0638
31,1201,0638
31,1202,0638
31,1203,0638
31,1204,0638
31,1205,0638
31,1206,0638
31,1207,0639
31,1208,0639
31,1209,0639
31,1210,0639
31,1211,0639
31,1212,0639
31,1213,0639
31,1214,0639
31,1189,0640
31,1190,0640
31,1147,0649
31,1148,0649
31,1149,0649
31,1150,0649
31,1191,0840
31,1192,0840
31,1161,1000
31,1162,1000
31,1151,1110
31,1152,1110
32,1949,0048
32,1950,0048
32,1951,0048
32,1927,0470
32,1928,0470
32,1929,0470
32,1930,0470
32,1931,0470
32,1932,0470
32,1933,0470
32,1934,0470
32,1935,0470
32,1936,0470
32,1954,0507
32,1955,0507
32,1956,0507
32,1957,0507
32,1942,0549
32,1943,0549
32,1944,0549
32,1945,0549
32,1946,0549
32,1947,0549
32,1948,0549
32,1914,1869
32,1915,1869
32,1916,1869
32,1917,1869
32,1918,1869
32,1919,1869
32,1920,1870
32,1921,1870
32,1922,1870
32,1923,1870
32,1924,1870
32,1925,1870
32,1926,1870
33,0,0